[
  {
    "title": "The Shawshank Redemption",
    "synopsis": "Two imprisoned men bond over a number of years, finding solace and eventual redemption through acts of common decency.",
    "year": 1994,
    "rating": 9.3,
    "category": "Drama",
    "views": 1023421
  },
  {
    "title": "The Godfather",
    "synopsis": "The aging patriarch of an organized crime dynasty transfers control of his clandestine empire to his reluctant son.",
    "year": 1972,
    "rating": 9.2,
    "category": "Crime",
    "views": 894210
  },
  {
    "title": "The Dark Knight",
    "synopsis": "When the menace known as the Joker emerges from his mysterious past, he wreaks havoc and chaos on the people of Gotham.",
    "year": 2008,
    "rating": 9.0,
    "category": "Action",
    "views": 1143240
  },
  {
    "title": "Pulp Fiction",
    "synopsis": "The lives of two mob hitmen, a boxer, a gangster's wife, and a pair of diner bandits intertwine in four tales of violence and redemption.",
    "year": 1994,
    "rating": 8.9,
    "category": "Crime",
    "views": 876543
  },
  {
    "title": "Schindler's List",
    "synopsis": "In German-occupied Poland during World War II, industrialist Oskar Schindler gradually becomes concerned for his Jewish workforce.",
    "year": 1993,
    "rating": 8.9,
    "category": "Biography",
    "views": 765432
  },
  {
    "title": "The Lord of the Rings: The Return of the King",
    "synopsis": "Gandalf and Aragorn lead the World of Men against Sauron's army to draw his gaze from Frodo and Sam as they approach Mount Doom with the One Ring.",
    "year": 2003,
    "rating": 8.9,
    "category": "Adventure",
    "views": 1345678
  },
  {
    "title": "Fight Club",
    "synopsis": "An insomniac office worker and a devil-may-care soapmaker form an underground fight club that evolves into much more.",
    "year": 1999,
    "rating": 8.8,
    "category": "Drama",
    "views": 987654
  },
  {
    "title": "Forrest Gump",
    "synopsis": "The presidencies of Kennedy and Johnson, the Vietnam War, the Watergate scandal and other historical events unfold from the perspective of an Alabama man with an IQ of 75.",
    "year": 1994,
    "rating": 8.8,
    "category": "Drama",
    "views": 1122334
  },
  {
    "title": "Inception",
    "synopsis": "A thief who steals corporate secrets through the use of dream-sharing technology is given the inverse task of planting an idea into the mind of a C.E.O.",
    "year": 2010,
    "rating": 8.8,
    "category": "Sci-Fi",
    "views": 1324354
  },
  {
    "title": "The Matrix",
    "synopsis": "When a beautiful stranger leads him to a forbidding underworld, he discovers the shocking truth--the life he knows is the elaborate deception of an evil cyber-intelligence.",
    "year": 1999,
    "rating": 8.7,
    "category": "Sci-Fi",
    "views": 1234567
  }
]
